Threshold,Total Errors Signal 1,Total Errors Signal 2,Total Instances Signal 1,Total Instances Signal 2,Error Rate Signal 1,Error Rate Signal 2,Percentage Fully Present Signal 1,Percentage Fully Present Signal 2,Combined Error Rate,Max Error Rate,Error Rate Difference (S2 - S1),Relative Error Rate Difference (%)
40,14718,17244,47099,30423,0.3124907110554364,0.5668080070998915,25.806661462399166,12.59432734842571,0.879298718155328,0.5668080070998915,0.25431729604445513,81.38395384153955
60,11785,12408,32907,20228,0.3581304889537181,0.6134071583943049,15.20346646571213,15.4577995478523,0.9715376473480231,0.6134071583943049,0.25527666944058686,71.28035096547637
80,20746,18473,47592,28309,0.43591359892418896,0.6525486594369282,7.773368893514604,19.573277824757692,1.0884622583611172,0.6525486594369282,0.21663506051273923,49.696788778185116
100,22762,17325,47349,25903,0.4807282096770787,0.6688414469366483,5.698302218174722,27.21004358290509,1.149569656613727,0.6688414469366483,0.18811323725956958,39.130892149210794
120,15316,9470,29903,12090,0.5121894124335351,0.7832919768403639,5.905752753977969,24.388004895960833,1.295481389273899,0.7832919768403639,0.2711025644068288,52.93013830933273
160,27009,13829,46645,14385,0.5790331225211706,0.9613486270420577,3.629976580796253,10.174342961228207,1.5403817495632284,0.9613486270420577,0.38231550452088714,66.0265345195186
200,30877,10514,46463,10564,0.6645502873253987,0.9952669443392654,2.0295322968841476,31.65289793794315,1.6598172316646642,0.9952669443392654,0.33071665701386677,49.7654825107209
