Threshold,Total Errors Signal 1,Total Errors Signal 2,Total Instances Signal 1,Total Instances Signal 2,Error Rate Signal 1,Error Rate Signal 2,Percentage Fully Present Signal 1,Percentage Fully Present Signal 2,Combined Error Rate,Max Error Rate,Error Rate Difference (S2 - S1),Relative Error Rate Difference (%)
40,5459,6075,41561,49654,0.13134910132094993,0.12234663874008136,81.90344239582224,78.83406160076734,0.2536957400610313,0.13134910132094993,-0.009002462580868564,-6.853844061613453
60,5865,6670,40949,48679,0.14322694082883586,0.13702007025616797,80.87743882720707,74.50684488519995,0.2802470110850038,0.14322694082883586,-0.0062068705726678886,-4.333591527368753
80,5801,7356,41138,48538,0.1410131751665127,0.15155136181960527,81.13774060372097,70.29113720443944,0.29256453698611795,0.15155136181960527,0.010538186653092557,7.473192941474256
100,5867,8810,41397,49102,0.1417252457907578,0.17942242678505968,81.48442888216881,64.47556899570269,0.32114767257581744,0.17942242678505968,0.03769718099430189,26.598776233528465
120,6006,10847,41127,49084,0.14603545116346925,0.2209885094939288,81.00493447232981,55.106913567145966,0.36702396065739806,0.2209885094939288,0.07495305833045954,51.32524858402946
160,7079,15456,40637,48792,0.1742008514408052,0.31677324151500247,76.0448792938424,38.34414548548335,0.49097409295580763,0.31677324151500247,0.14257239007419728,81.84368152910234
200,8293,18374,35090,42667,0.23633513821601596,0.4306372606464012,68.11576652942601,22.808186001453137,0.6669723988624171,0.4306372606464012,0.19430212243038522,82.2146566511783
