Threshold,Total Errors Signal 1,Total Errors Signal 2,Total Instances Signal 1 Present,Total Instances Signal 2 Present,Error Rate Signal 1,Error Rate Signal 2,Percentage Fully Present Signal 1,Percentage Fully Present Signal 2,Combined Error Rate,Max Error Rate,Error Rate Difference (S2 - S1),Relative Error Rate Difference (%)
40,3564,3637,14133,14461,0.2521757588622373,0.2515040453633912,92.22929109322254,90.93741885224617,0.5036798042256285,0.2521757588622373,-0.0006717134988460938,-0.2663671963858542
60,3422,3429,14203,14539,0.24093501372949377,0.2358484077309306,92.34614385873799,91.56712542196831,0.4767834214604244,0.24093501372949377,-0.005086605998563171,-2.11119418461697
80,3338,3216,14227,14622,0.23462430589723765,0.2199425523184243,92.54545454545455,91.81818181818183,0.45456685821566195,0.23462430589723765,-0.01468175357881335,-6.2575586628453435
100,3265,3253,14259,14691,0.22897818921382987,0.2214280852222449,92.72727272727272,90.66233766233766,0.4504062744360748,0.22897818921382987,-0.0075501039915849555,-3.297302689617454
120,3176,4481,14275,14771,0.22248686514886165,0.30336470110351366,92.96753246753246,82.27272727272728,0.5258515662523753,0.30336470110351366,0.080877835954652,36.35173514649425
160,3067,8499,14341,14837,0.2138623526950701,0.5728246950192087,93.05753994025197,59.702558773866734,0.7866870477142789,0.5728246950192087,0.35896234232413865,167.84737369646143
200,2894,11749,14421,14855,0.2006795645239581,0.7909121507909794,93.27272727272728,43.922077922077925,0.9915917153149375,0.7909121507909794,0.5902325862670214,294.1169359556571
